,0,1,2,3,4,5,6,7,8,9,10,11,12,13,14,15,16,17,18,19,20,21,22,23,24,25,26,27,28,29,30,31,32,33,34,35,36,37,38,39,40,41,42,43,44,45,46,47,48,49,50,51,52,53,54,55,56,57,58,59,60,61,62,63,64,65,66,67,68,69,70,71,72,73,74,75,76,77,78,79,80,81,82,83,84,85,86,87,88,89,90,91,92,93,94,95,96,97,98,99,100,101,102,103
0,-66.0,-66.0,-65.0,-65.0,-66.0,-73.0,-73.0,-67.0,-72.0,-65.0,-66.0,-65.0,-65.0,-66.0,-64.0,-83.0,-83.0,-79.0,-79.0,-69.0,-67.0,-67.0,-67.0,-83.0,-79.0,-68.0,-65.0,-64.0,-65.0,-73.0,-79.0,-79.0,-79.0,-72.0,-79.0,-72.0,-79.0,-79.0,-83.0,-83.0,-65.75,-83.0,-83.0,-65.25,-71.75,-79.0,-69.58823529411765,-63.205128205128204,-95.0,-95.0,-82.44375,-82.325,-95.0,-95.0,-95.0,-95.0,-95.0,-95.0,-95.0,-95.0,-95.0,-95.0,-95.0,-95.0,-95.0,-95.0,-95.0,-95.0,-95.0,-95.0,-95.0,-95.0,-95.0,-95.0,-95.0,-95.0,-95.0,-95.0,-95.0,-95.0,-82.5609756097561,-95.0,-95.0,-95.0,-95.0,-95.0,-95.0,-95.0,-95.0,-95.0,-95.0,-95.0,-95.0,-95.0,-95.0,-95.0,-95.0,-95.0,-95.0,-95.0,-95.0,-95.0,-95.0,-95.0
1,-68.0,-65.0,-65.0,-64.0,-72.0,-73.0,-73.0,-66.0,-73.0,-68.0,-68.0,-69.0,-63.0,-68.0,-63.0,-83.0,-83.0,-79.0,-79.0,-69.0,-67.0,-69.0,-69.0,-83.0,-79.0,-69.0,-63.0,-63.0,-63.0,-72.0,-79.0,-79.0,-79.0,-72.0,-79.0,-73.0,-79.0,-79.0,-83.0,-83.0,-69.0,-83.0,-83.0,-68.0,-73.0,-79.0,-69.58823529411765,-63.205128205128204,-95.0,-95.0,-82.44375,-82.325,-95.0,-95.0,-95.0,-95.0,-95.0,-95.0,-95.0,-95.0,-95.0,-95.0,-95.0,-95.0,-95.0,-95.0,-95.0,-95.0,-95.0,-95.0,-95.0,-95.0,-95.0,-95.0,-95.0,-95.0,-95.0,-95.0,-95.0,-95.0,-82.5609756097561,-95.0,-95.0,-95.0,-95.0,-95.0,-95.0,-95.0,-95.0,-95.0,-95.0,-95.0,-95.0,-95.0,-95.0,-95.0,-95.0,-95.0,-95.0,-95.0,-95.0,-95.0,-95.0,-95.0
2,-68.0,-65.0,-66.0,-66.0,-70.0,-70.0,-70.0,-67.0,-70.0,-66.0,-67.0,-66.0,-63.0,-66.0,-64.0,-83.0,-83.0,-79.0,-79.0,-69.0,-67.0,-68.0,-69.0,-83.0,-79.0,-65.0,-63.0,-63.0,-63.0,-70.0,-79.0,-79.0,-79.0,-72.0,-79.0,-70.0,-79.0,-79.0,-83.0,-83.0,-65.0,-83.0,-83.0,-65.0,-70.0,-79.0,-69.58823529411765,-63.205128205128204,-95.0,-95.0,-82.44375,-82.325,-95.0,-95.0,-95.0,-95.0,-95.0,-95.0,-95.0,-95.0,-95.0,-95.0,-95.0,-95.0,-95.0,-95.0,-95.0,-95.0,-95.0,-95.0,-95.0,-95.0,-95.0,-95.0,-95.0,-95.0,-95.0,-95.0,-95.0,-95.0,-82.5609756097561,-95.0,-95.0,-95.0,-95.0,-95.0,-95.0,-95.0,-95.0,-95.0,-95.0,-95.0,-95.0,-95.0,-95.0,-95.0,-95.0,-95.0,-95.0,-95.0,-95.0,-95.0,-95.0,-95.0
3,-67.0,-65.0,-66.0,-66.0,-72.0,-70.0,-71.0,-67.0,-72.0,-66.0,-65.0,-66.0,-60.0,-66.0,-61.0,-83.0,-83.0,-79.0,-79.0,-69.0,-69.0,-67.0,-68.0,-83.0,-79.0,-68.0,-60.0,-60.0,-61.0,-72.0,-79.0,-79.0,-79.0,-72.0,-79.0,-72.0,-79.0,-79.0,-83.0,-83.0,-63.0,-83.0,-83.0,-64.0,-71.0,-79.0,-69.58823529411765,-63.205128205128204,-95.0,-95.0,-82.44375,-82.325,-95.0,-95.0,-95.0,-95.0,-95.0,-95.0,-95.0,-95.0,-95.0,-95.0,-95.0,-95.0,-95.0,-95.0,-95.0,-95.0,-95.0,-95.0,-95.0,-95.0,-95.0,-95.0,-95.0,-95.0,-95.0,-95.0,-95.0,-95.0,-82.5609756097561,-95.0,-95.0,-95.0,-95.0,-95.0,-95.0,-95.0,-95.0,-95.0,-95.0,-95.0,-95.0,-95.0,-95.0,-95.0,-95.0,-95.0,-95.0,-95.0,-95.0,-95.0,-95.0,-95.0
4,-66.0,-65.0,-66.0,-66.0,-73.0,-70.0,-73.0,-66.0,-73.0,-67.0,-66.0,-67.0,-65.0,-67.0,-65.0,-83.0,-83.0,-79.0,-79.0,-69.0,-69.0,-67.0,-68.0,-83.0,-79.0,-68.0,-65.0,-65.0,-65.0,-73.0,-79.0,-79.0,-79.0,-72.0,-79.0,-73.0,-79.0,-79.0,-83.0,-83.0,-66.0,-83.0,-83.0,-64.0,-73.0,-79.0,-67.0,-63.205128205128204,-95.0,-95.0,-82.44375,-82.325,-95.0,-95.0,-95.0,-95.0,-95.0,-95.0,-95.0,-95.0,-95.0,-95.0,-95.0,-95.0,-95.0,-95.0,-95.0,-95.0,-95.0,-95.0,-95.0,-95.0,-95.0,-95.0,-95.0,-95.0,-95.0,-95.0,-95.0,-95.0,-82.5609756097561,-95.0,-95.0,-95.0,-95.0,-95.0,-95.0,-95.0,-95.0,-95.0,-95.0,-95.0,-95.0,-95.0,-95.0,-95.0,-95.0,-95.0,-95.0,-95.0,-95.0,-95.0,-95.0,-95.0
5,-59.0,-69.0,-69.0,-68.0,-68.0,-69.0,-71.0,-69.0,-68.0,-59.0,-61.0,-60.0,-61.0,-60.0,-61.0,-83.0,-95.0,-79.0,-69.0,-71.0,-64.0,-64.5,-69.0,-83.0,-69.0,-64.5,-61.0,-61.0,-61.0,-71.0,-95.0,-79.0,-95.0,-95.0,-95.0,-71.0,-95.0,-95.0,-82.67441860465117,-82.42857142857143,-60.5,-78.0,-82.27272727272727,-71.0,-71.0,-79.0,-69.0,-61.0,-82.0,-82.0,-83.0,-83.0,-83.0,-82.0,-82.0,-83.0,-83.0,-83.0,-83.0,-83.0,-83.0,-83.0,-83.0,-83.0,-83.0,-83.0,-82.5,-83.0,-83.0,-83.0,-83.0,-83.0,-83.0,-95.0,-95.0,-95.0,-95.0,-95.0,-95.0,-95.0,-82.5609756097561,-95.0,-95.0,-95.0,-95.0,-95.0,-95.0,-95.0,-95.0,-95.0,-95.0,-95.0,-95.0,-95.0,-95.0,-95.0,-95.0,-95.0,-95.0,-95.0,-95.0,-95.0,-95.0,-95.0
6,-62.0,-68.0,-70.0,-70.0,-70.0,-70.0,-71.0,-70.0,-69.0,-61.0,-61.0,-61.0,-60.0,-62.0,-61.0,-83.0,-95.0,-79.0,-66.0,-67.0,-66.0,-67.0,-66.0,-83.0,-66.0,-66.0,-61.0,-61.0,-61.0,-71.0,-95.0,-79.0,-95.0,-95.0,-95.0,-71.0,-95.0,-95.0,-82.67441860465117,-82.42857142857143,-61.0,-78.0,-82.27272727272727,-61.0,-72.0,-79.0,-69.0,-61.0,-82.75,-95.0,-83.0,-83.0,-83.0,-95.0,-82.75,-83.0,-83.0,-83.0,-83.0,-83.0,-83.0,-83.0,-83.0,-83.0,-83.0,-83.0,-83.0,-83.0,-83.0,-83.0,-83.0,-83.0,-83.0,-95.0,-95.0,-95.0,-95.0,-95.0,-95.0,-95.0,-82.5609756097561,-95.0,-95.0,-95.0,-95.0,-95.0,-95.0,-95.0,-95.0,-95.0,-95.0,-95.0,-95.0,-95.0,-95.0,-95.0,-95.0,-95.0,-95.0,-95.0,-95.0,-95.0,-95.0,-95.0
7,-61.0,-70.0,-70.0,-70.0,-70.0,-71.0,-71.0,-70.0,-70.0,-60.0,-61.0,-60.0,-62.0,-61.0,-61.0,-83.0,-83.0,-79.0,-65.0,-67.0,-64.0,-64.0,-64.0,-83.0,-65.0,-64.0,-62.0,-61.0,-62.0,-72.0,-95.0,-79.0,-95.0,-95.0,-95.0,-71.0,-64.0,-95.0,-82.67441860465117,-82.42857142857143,-61.0,-81.0,-82.27272727272727,-60.0,-72.0,-79.0,-70.0,-61.0,-83.0,-95.0,-83.0,-83.0,-83.0,-95.0,-83.0,-83.0,-83.0,-83.0,-83.0,-83.0,-83.0,-83.0,-83.0,-83.0,-83.0,-83.0,-83.0,-83.0,-83.0,-83.0,-83.0,-83.0,-83.0,-83.0,-83.0,-83.0,-83.0,-83.0,-83.0,-83.0,-83.0,-95.0,-95.0,-95.0,-95.0,-95.0,-95.0,-95.0,-95.0,-95.0,-95.0,-95.0,-95.0,-95.0,-95.0,-95.0,-95.0,-95.0,-95.0,-95.0,-95.0,-95.0,-95.0,-95.0
8,-60.0,-68.0,-68.0,-68.0,-68.0,-69.0,-73.0,-69.0,-68.0,-60.0,-61.0,-60.0,-62.0,-60.0,-60.0,-83.0,-83.0,-79.0,-65.0,-67.0,-64.0,-64.0,-64.0,-83.0,-66.0,-64.0,-61.0,-61.0,-62.0,-73.0,-79.0,-79.0,-95.0,-95.0,-95.0,-73.0,-64.0,-95.0,-82.67441860465117,-82.42857142857143,-60.0,-80.0,-82.27272727272727,-60.0,-72.0,-79.0,-68.0,-61.0,-83.0,-95.0,-83.0,-83.0,-83.0,-95.0,-83.0,-83.0,-83.0,-83.0,-83.0,-83.0,-83.0,-83.0,-83.0,-83.0,-83.0,-83.0,-82.0,-83.0,-83.0,-83.0,-83.0,-83.0,-83.0,-83.0,-83.0,-83.0,-83.0,-83.0,-83.0,-83.0,-83.0,-83.0,-95.0,-95.0,-95.0,-95.0,-95.0,-95.0,-95.0,-95.0,-95.0,-95.0,-95.0,-95.0,-95.0,-95.0,-95.0,-95.0,-95.0,-95.0,-95.0,-95.0,-95.0,-95.0
9,-61.0,-70.0,-70.0,-69.0,-69.0,-77.0,-77.0,-70.0,-68.0,-60.0,-61.0,-60.0,-61.0,-61.0,-60.0,-83.0,-83.0,-79.0,-63.0,-64.0,-62.0,-63.0,-63.0,-83.0,-63.0,-64.0,-61.0,-61.0,-62.0,-78.0,-79.0,-79.0,-79.0,-95.0,-95.0,-76.0,-64.0,-95.0,-82.67441860465117,-82.42857142857143,-60.0,-80.0,-82.27272727272727,-61.0,-76.0,-79.0,-69.0,-61.0,-83.0,-95.0,-83.0,-83.0,-83.0,-95.0,-83.0,-83.0,-83.0,-83.0,-83.0,-83.0,-83.0,-83.0,-83.0,-83.0,-83.0,-83.0,-82.0,-83.0,-83.0,-83.0,-83.0,-83.0,-83.0,-83.0,-83.0,-83.0,-83.0,-83.0,-83.0,-83.0,-83.0,-83.0,-95.0,-95.0,-95.0,-95.0,-95.0,-95.0,-95.0,-95.0,-95.0,-95.0,-95.0,-95.0,-95.0,-95.0,-95.0,-95.0,-95.0,-95.0,-95.0,-95.0,-95.0,-95.0
10,-65.0,-63.0,-64.0,-64.0,-65.0,-64.0,-65.0,-64.0,-65.0,-65.0,-65.0,-65.0,-63.0,-65.0,-63.0,-82.4090909090909,-95.0,-78.0,-66.0,-67.0,-69.05188679245283,-67.0,-67.0,-95.0,-66.0,-65.0,-62.0,-63.0,-63.0,-65.0,-77.0,-78.52272727272727,-76.5,-95.0,-95.0,-65.0,-76.75,-77.25,-82.67441860465117,-82.42857142857143,-65.0,-83.0,-82.27272727272727,-65.0,-65.0,-79.0,-64.0,-61.0,-83.0,-83.0,-83.0,-83.0,-83.0,-83.0,-83.0,-83.0,-82.75,-82.75,-82.75,-83.0,-83.0,-83.0,-95.0,-95.0,-95.0,-83.0,-82.75,-95.0,-83.0,-82.5,-83.0,-95.0,-95.0,-95.0,-95.0,-95.0,-95.0,-83.0,-83.0,-83.0,-82.5609756097561,-95.0,-83.0,-83.0,-81.5,-81.0,-81.0,-95.0,-95.0,-95.0,-95.0,-95.0,-95.0,-95.0,-95.0,-95.0,-95.0,-95.0,-95.0,-95.0,-95.0,-95.0,-95.0,-95.0
11,-65.0,-66.0,-65.0,-65.0,-65.0,-65.0,-65.0,-65.0,-65.0,-64.0,-61.0,-63.0,-62.0,-63.0,-62.0,-82.4090909090909,-95.0,-77.0,-76.0,-69.0,-69.05188679245283,-71.0,-69.0,-95.0,-76.0,-70.0,-62.0,-61.0,-62.0,-66.0,-77.0,-78.52272727272727,-77.0,-95.0,-95.0,-65.0,-77.0,-77.0,-82.67441860465117,-82.42857142857143,-64.0,-83.0,-82.27272727272727,-64.0,-65.0,-79.0,-65.0,-61.0,-83.0,-83.0,-83.0,-83.0,-83.0,-83.0,-83.0,-83.0,-82.0,-82.0,-82.0,-83.0,-83.0,-83.0,-95.0,-95.0,-95.0,-83.0,-82.0,-95.0,-83.0,-81.0,-83.0,-95.0,-95.0,-95.0,-95.0,-95.0,-95.0,-83.0,-83.0,-83.0,-82.5609756097561,-95.0,-83.0,-83.0,-80.0,-81.0,-81.0,-95.0,-95.0,-95.0,-95.0,-95.0,-95.0,-95.0,-95.0,-95.0,-95.0,-95.0,-95.0,-95.0,-95.0,-95.0,-95.0,-95.0
12,-60.0,-60.0,-59.0,-60.0,-64.0,-65.0,-64.0,-61.0,-65.0,-61.0,-61.0,-61.0,-66.0,-62.0,-66.0,-82.4090909090909,-95.0,-77.0,-76.0,-68.0,-67.0,-68.0,-68.0,-95.0,-76.0,-70.0,-67.0,-67.0,-67.0,-64.0,-77.0,-78.52272727272727,-77.0,-95.0,-95.0,-64.0,-77.0,-77.0,-83.0,-82.42857142857143,-61.0,-83.0,-83.0,-61.0,-64.0,-79.0,-59.0,-61.0,-83.0,-83.0,-83.0,-83.0,-83.0,-83.0,-83.0,-83.0,-83.0,-83.0,-83.0,-83.0,-83.0,-83.0,-95.0,-95.0,-95.0,-83.0,-83.0,-95.0,-83.0,-83.0,-83.0,-95.0,-95.0,-95.0,-95.0,-95.0,-95.0,-83.0,-83.0,-83.0,-82.5609756097561,-95.0,-83.0,-83.0,-80.0,-81.0,-81.0,-83.0,-95.0,-95.0,-95.0,-95.0,-95.0,-95.0,-95.0,-95.0,-95.0,-95.0,-95.0,-95.0,-95.0,-95.0,-95.0,-95.0
13,-68.0,-63.0,-64.0,-64.0,-65.0,-65.0,-65.0,-64.0,-65.0,-67.0,-61.0,-66.0,-63.0,-66.0,-63.0,-82.4090909090909,-95.0,-79.0,-76.0,-61.0,-67.0,-61.0,-60.0,-83.0,-79.0,-61.0,-63.0,-63.0,-63.0,-66.0,-79.0,-78.52272727272727,-77.0,-95.0,-95.0,-66.0,-77.0,-79.0,-83.0,-83.0,-61.0,-83.0,-83.0,-66.0,-66.0,-79.0,-66.0,-61.0,-83.0,-83.0,-83.0,-83.0,-83.0,-83.0,-83.0,-83.0,-83.0,-83.0,-83.0,-83.0,-83.0,-83.0,-83.0,-95.0,-83.0,-83.0,-83.0,-95.0,-83.0,-83.0,-83.0,-95.0,-95.0,-95.0,-95.0,-95.0,-95.0,-83.0,-83.0,-83.0,-83.0,-95.0,-83.0,-83.0,-83.0,-81.0,-81.0,-83.0,-83.0,-95.0,-95.0,-95.0,-95.0,-95.0,-95.0,-95.0,-95.0,-95.0,-95.0,-95.0,-95.0,-95.0,-95.0,-95.0
14,-69.0,-61.0,-60.0,-60.0,-67.0,-65.0,-67.0,-61.0,-68.0,-70.0,-61.0,-70.0,-67.0,-71.0,-66.0,-82.4090909090909,-95.0,-79.0,-76.0,-62.0,-62.0,-62.0,-62.0,-83.0,-76.0,-61.0,-66.0,-67.0,-67.0,-66.0,-75.0,-78.52272727272727,-75.0,-95.0,-95.0,-67.0,-76.0,-76.0,-83.0,-83.0,-61.0,-83.0,-83.0,-66.0,-68.0,-79.0,-61.0,-61.0,-83.0,-83.0,-83.0,-83.0,-83.0,-83.0,-83.0,-83.0,-83.0,-83.0,-83.0,-83.0,-83.0,-83.0,-83.0,-95.0,-83.0,-83.0,-83.0,-95.0,-83.0,-83.0,-83.0,-95.0,-95.0,-95.0,-95.0,-95.0,-95.0,-83.0,-83.0,-83.0,-82.0,-95.0,-83.0,-83.0,-83.0,-81.0,-81.0,-83.0,-83.0,-83.0,-83.0,-95.0,-95.0,-95.0,-95.0,-95.0,-95.0,-95.0,-95.0,-95.0,-95.0,-95.0,-95.0,-95.0
15,-70.0,-67.0,-68.0,-67.0,-69.0,-70.0,-70.0,-68.0,-70.0,-72.0,-66.0,-71.0,-68.0,-71.0,-68.0,-83.0,-95.0,-67.0,-68.0,-68.0,-67.0,-68.0,-67.0,-83.0,-76.0,-68.0,-68.0,-68.0,-69.0,-71.0,-95.0,-79.0,-76.0,-66.0,-95.0,-70.0,-76.0,-77.0,-83.0,-83.0,-66.0,-83.0,-80.0,-70.0,-69.0,-79.0,-67.0,-66.0,-81.0,-80.0,-80.0,-81.0,-83.0,-81.0,-81.0,-95.0,-95.0,-95.0,-95.0,-95.0,-95.0,-95.0,-95.0,-95.0,-95.0,-95.0,-95.0,-95.0,-95.0,-95.0,-95.0,-95.0,-95.0,-95.0,-95.0,-95.0,-95.0,-81.0,-80.5,-95.0,-83.0,-95.0,-95.0,-95.0,-83.0,-95.0,-83.0,-83.0,-81.0,-82.0,-83.0,-83.0,-83.0,-83.0,-83.0,-95.0,-95.0,-95.0,-95.0,-95.0,-95.0,-95.0,-95.0,-95.0
16,-69.0,-67.0,-65.0,-65.0,-66.0,-71.0,-71.0,-65.0,-64.0,-69.0,-69.0,-69.0,-69.0,-69.0,-69.0,-82.4090909090909,-95.0,-67.0,-68.0,-68.0,-67.0,-67.0,-66.0,-83.0,-67.0,-68.0,-69.0,-69.0,-69.0,-71.0,-95.0,-79.0,-95.0,-95.0,-95.0,-71.0,-66.0,-95.0,-83.0,-83.0,-69.0,-83.0,-80.0,-70.0,-70.0,-79.0,-65.0,-69.0,-81.0,-80.0,-81.0,-80.0,-83.0,-80.0,-81.0,-95.0,-95.0,-95.0,-95.0,-95.0,-95.0,-95.0,-95.0,-95.0,-95.0,-95.0,-95.0,-95.0,-95.0,-95.0,-95.0,-95.0,-95.0,-95.0,-95.0,-95.0,-95.0,-80.0,-81.0,-95.0,-82.5609756097561,-95.0,-95.0,-95.0,-83.0,-95.0,-83.0,-95.0,-81.0,-82.0,-83.0,-83.0,-95.0,-83.0,-83.0,-95.0,-95.0,-95.0,-95.0,-95.0,-95.0,-95.0,-95.0,-95.0
17,-70.0,-65.0,-65.0,-65.0,-65.0,-72.0,-71.0,-66.0,-65.0,-71.0,-68.0,-72.0,-68.0,-71.0,-68.0,-82.4090909090909,-95.0,-68.0,-67.0,-67.0,-67.0,-67.0,-67.0,-83.0,-68.0,-68.0,-68.0,-68.0,-69.0,-72.0,-95.0,-79.0,-95.0,-95.0,-95.0,-72.0,-67.0,-95.0,-83.0,-83.0,-72.0,-83.0,-80.0,-71.0,-72.0,-79.0,-65.0,-69.0,-82.0,-81.0,-81.0,-80.0,-83.0,-82.0,-81.0,-95.0,-95.0,-83.0,-95.0,-83.0,-95.0,-95.0,-95.0,-95.0,-95.0,-95.0,-83.0,-95.0,-95.0,-95.0,-95.0,-95.0,-95.0,-95.0,-82.0,-95.0,-95.0,-82.0,-81.0,-95.0,-82.5609756097561,-95.0,-95.0,-95.0,-83.0,-95.0,-83.0,-95.0,-81.0,-82.0,-83.0,-83.0,-95.0,-83.0,-83.0,-95.0,-95.0,-95.0,-95.0,-95.0,-95.0,-95.0,-95.0,-95.0
18,-70.0,-65.0,-64.0,-64.0,-65.0,-72.0,-71.0,-65.0,-64.0,-70.0,-68.0,-70.0,-68.0,-70.0,-68.0,-82.4090909090909,-95.0,-67.0,-67.0,-66.0,-66.0,-66.0,-66.0,-83.0,-66.0,-68.0,-68.0,-68.0,-68.0,-73.0,-95.0,-79.0,-95.0,-95.0,-95.0,-71.0,-67.0,-95.0,-83.0,-83.0,-70.0,-83.0,-80.0,-70.0,-71.0,-79.0,-65.0,-69.0,-81.0,-81.0,-82.0,-82.0,-83.0,-83.0,-81.0,-83.0,-95.0,-83.0,-95.0,-83.0,-95.0,-95.0,-95.0,-95.0,-95.0,-95.0,-83.0,-95.0,-95.0,-95.0,-95.0,-95.0,-95.0,-83.0,-81.0,-95.0,-95.0,-81.0,-80.0,-95.0,-82.5609756097561,-95.0,-95.0,-95.0,-83.0,-95.0,-83.0,-95.0,-81.0,-82.0,-83.0,-83.0,-95.0,-83.0,-83.0,-95.0,-95.0,-95.0,-95.0,-95.0,-95.0,-95.0,-95.0,-95.0
19,-68.0,-64.0,-64.0,-64.0,-64.0,-72.0,-72.0,-66.0,-64.0,-69.0,-68.0,-71.0,-66.0,-69.0,-66.0,-82.4090909090909,-95.0,-67.0,-67.0,-67.0,-66.0,-67.0,-66.0,-83.0,-66.0,-68.0,-66.0,-67.0,-67.0,-72.0,-95.0,-79.0,-95.0,-95.0,-95.0,-72.0,-67.0,-95.0,-83.0,-83.0,-70.0,-83.0,-80.0,-70.0,-72.0,-79.0,-65.0,-69.0,-81.0,-81.0,-83.0,-82.0,-83.0,-83.0,-81.0,-83.0,-95.0,-83.0,-95.0,-83.0,-95.0,-95.0,-95.0,-95.0,-95.0,-95.0,-83.0,-95.0,-95.0,-95.0,-95.0,-95.0,-95.0,-83.0,-83.0,-95.0,-95.0,-81.0,-80.0,-95.0,-82.5609756097561,-95.0,-95.0,-95.0,-83.0,-95.0,-83.0,-95.0,-81.0,-82.0,-83.0,-83.0,-95.0,-83.0,-83.0,-95.0,-95.0,-95.0,-95.0,-95.0,-95.0,-95.0,-95.0,-95.0
20,-57.0,-77.0,-77.0,-76.0,-78.0,-78.0,-78.0,-77.0,-78.0,-56.0,-57.0,-56.0,-60.0,-57.0,-60.0,-83.0,-95.0,-79.0,-69.0,-70.5,-68.0,-68.0,-68.0,-83.0,-69.0,-69.0,-60.0,-60.0,-61.0,-78.0,-95.0,-79.0,-95.0,-95.0,-95.0,-79.0,-95.0,-95.0,-83.0,-83.0,-56.0,-82.0,-83.0,-57.0,-78.0,-79.0,-80.0,-63.205128205128204,-95.0,-95.0,-82.44375,-82.325,-95.0,-95.0,-95.0,-95.0,-95.0,-95.0,-95.0,-95.0,-95.0,-83.0,-95.0,-95.0,-95.0,-83.0,-95.0,-95.0,-95.0,-95.0,-83.0,-95.0,-95.0,-95.0,-95.0,-95.0,-95.0,-95.0,-95.0,-95.0,-83.0,-95.0,-95.0,-95.0,-95.0,-95.0,-95.0,-83.0,-95.0,-83.0,-83.0,-83.0,-83.0,-95.0,-95.0,-83.0,-83.0,-95.0,-95.0,-95.0,-95.0,-95.0,-95.0,-95.0
21,-55.0,-77.0,-83.0,-81.0,-78.0,-83.0,-79.0,-82.0,-78.0,-56.0,-57.0,-56.0,-60.0,-57.0,-60.0,-83.0,-95.0,-79.0,-71.0,-71.0,-71.0,-71.0,-70.0,-83.0,-72.0,-71.0,-59.0,-60.0,-60.0,-79.0,-95.0,-79.0,-95.0,-95.0,-95.0,-78.0,-95.0,-95.0,-83.0,-83.0,-56.0,-83.0,-83.0,-56.0,-78.0,-79.0,-81.0,-63.205128205128204,-95.0,-95.0,-82.44375,-82.325,-95.0,-95.0,-95.0,-95.0,-95.0,-95.0,-95.0,-95.0,-95.0,-83.0,-95.0,-95.0,-95.0,-83.0,-95.0,-95.0,-95.0,-95.0,-83.0,-95.0,-95.0,-95.0,-95.0,-95.0,-95.0,-95.0,-95.0,-95.0,-83.0,-95.0,-95.0,-95.0,-95.0,-95.0,-95.0,-83.0,-95.0,-83.0,-83.0,-83.0,-83.0,-95.0,-95.0,-83.0,-83.0,-95.0,-95.0,-95.0,-95.0,-95.0,-95.0,-95.0
22,-56.0,-80.0,-80.0,-79.0,-78.0,-80.0,-79.0,-79.0,-78.0,-55.0,-57.0,-56.0,-57.0,-56.0,-57.0,-83.0,-95.0,-79.0,-69.0,-70.0,-69.0,-70.0,-70.0,-83.0,-70.0,-71.0,-58.0,-58.0,-58.0,-79.0,-95.0,-79.0,-95.0,-95.0,-95.0,-78.0,-69.0,-95.0,-83.0,-83.0,-56.0,-83.0,-83.0,-56.0,-78.0,-79.0,-79.0,-58.0,-95.0,-95.0,-82.44375,-82.325,-95.0,-95.0,-95.0,-95.0,-95.0,-95.0,-95.0,-95.0,-95.0,-83.0,-95.0,-95.0,-95.0,-83.0,-95.0,-95.0,-83.0,-95.0,-83.0,-95.0,-95.0,-95.0,-95.0,-95.0,-95.0,-95.0,-95.0,-95.0,-83.0,-95.0,-95.0,-95.0,-95.0,-95.0,-95.0,-83.0,-83.0,-83.0,-83.0,-83.0,-83.0,-95.0,-95.0,-83.0,-83.0,-95.0,-95.0,-95.0,-95.0,-95.0,-95.0,-95.0
23,-55.0,-80.0,-81.0,-80.0,-78.0,-82.0,-78.0,-81.0,-78.0,-56.0,-59.0,-56.0,-59.0,-57.0,-59.0,-83.0,-95.0,-79.0,-71.0,-70.0,-71.0,-71.0,-70.0,-83.0,-71.0,-71.0,-58.0,-59.0,-60.0,-78.0,-95.0,-79.0,-95.0,-95.0,-95.0,-78.0,-69.0,-95.0,-83.0,-83.0,-56.0,-83.0,-83.0,-56.0,-78.0,-79.0,-80.0,-58.0,-95.0,-95.0,-82.44375,-82.325,-95.0,-95.0,-95.0,-95.0,-95.0,-95.0,-95.0,-95.0,-95.0,-83.0,-95.0,-95.0,-95.0,-83.0,-95.0,-95.0,-83.0,-95.0,-83.0,-95.0,-95.0,-95.0,-95.0,-83.0,-83.0,-95.0,-95.0,-95.0,-83.0,-95.0,-95.0,-95.0,-95.0,-95.0,-95.0,-83.0,-83.0,-83.0,-83.0,-83.0,-83.0,-95.0,-95.0,-83.0,-83.0,-95.0,-95.0,-95.0,-95.0,-95.0,-95.0,-95.0
24,-56.0,-80.0,-78.0,-80.0,-77.0,-78.0,-78.0,-80.0,-77.0,-56.0,-60.0,-56.0,-60.0,-56.0,-60.0,-83.0,-95.0,-79.0,-71.0,-71.0,-71.0,-70.0,-70.0,-83.0,-71.0,-71.0,-60.0,-60.0,-61.0,-78.0,-95.0,-79.0,-95.0,-95.0,-95.0,-77.0,-69.0,-95.0,-83.0,-83.0,-55.0,-79.0,-83.0,-56.0,-77.0,-79.0,-80.0,-58.0,-95.0,-95.0,-82.44375,-82.325,-95.0,-95.0,-95.0,-95.0,-95.0,-95.0,-95.0,-95.0,-95.0,-83.0,-95.0,-95.0,-95.0,-83.0,-95.0,-95.0,-83.0,-95.0,-83.0,-95.0,-95.0,-95.0,-95.0,-83.0,-83.0,-95.0,-95.0,-95.0,-83.0,-95.0,-95.0,-95.0,-95.0,-95.0,-95.0,-83.0,-83.0,-83.0,-83.0,-83.0,-83.0,-95.0,-81.0,-83.0,-83.0,-83.0,-95.0,-95.0,-95.0,-95.0,-95.0,-95.0
25,-61.0,-63.0,-71.0,-70.0,-70.0,-75.0,-75.0,-71.0,-70.0,-62.0,-59.0,-62.0,-64.0,-62.0,-63.0,-77.0,-95.0,-79.0,-73.0,-73.0,-73.0,-71.0,-73.0,-83.0,-73.0,-76.0,-63.0,-64.0,-64.0,-75.0,-95.0,-79.0,-95.0,-95.0,-95.0,-75.0,-95.0,-95.0,-79.0,-80.0,-63.0,-83.0,-79.0,-62.0,-75.0,-79.0,-69.0,-64.0,-79.0,-83.0,-83.0,-81.0,-95.0,-82.0,-83.0,-95.0,-95.0,-95.0,-95.0,-95.0,-83.0,-95.0,-95.0,-95.0,-95.0,-95.0,-95.0,-95.0,-95.0,-95.0,-95.0,-95.0,-95.0,-95.0,-79.0,-95.0,-95.0,-82.0,-81.0,-95.0,-81.0,-95.0,-95.0,-95.0,-95.0,-95.0,-95.0,-79.0,-79.0,-79.0,-79.0,-82.5,-95.0,-95.0,-80.0,-95.0,-83.0,-80.0,-83.0,-83.0,-83.0,-83.0,-80.0,-80.25
26,-57.0,-73.0,-73.0,-73.0,-71.0,-75.0,-75.0,-73.0,-72.0,-56.0,-63.0,-55.0,-63.0,-56.0,-55.0,-83.0,-95.0,-79.0,-75.0,-76.0,-73.0,-75.0,-76.0,-95.0,-76.0,-76.0,-63.0,-63.0,-63.0,-75.0,-95.0,-79.0,-95.0,-95.0,-95.0,-75.0,-95.0,-95.0,-83.0,-83.0,-56.0,-83.0,-83.0,-56.0,-75.0,-79.0,-74.0,-63.0,-79.0,-83.0,-83.0,-83.0,-95.0,-82.0,-82.0,-95.0,-95.0,-95.0,-95.0,-95.0,-83.0,-95.0,-95.0,-95.0,-95.0,-95.0,-95.0,-95.0,-95.0,-95.0,-95.0,-95.0,-95.0,-95.0,-83.0,-95.0,-95.0,-82.0,-81.0,-95.0,-83.0,-95.0,-95.0,-95.0,-95.0,-95.0,-95.0,-82.0,-83.0,-83.0,-79.0,-81.0,-95.0,-95.0,-80.0,-95.0,-80.0,-80.0,-80.0,-83.0,-80.0,-83.0,-80.0,-80.0
27,-51.0,-75.0,-79.0,-77.0,-77.0,-75.0,-75.0,-76.0,-77.0,-50.0,-63.0,-50.0,-63.0,-51.0,-50.0,-80.0,-95.0,-79.0,-75.0,-76.0,-73.0,-75.0,-76.0,-95.0,-76.0,-76.0,-63.0,-63.0,-64.0,-75.0,-95.0,-79.0,-95.0,-95.0,-95.0,-75.0,-95.0,-95.0,-81.0,-80.0,-49.0,-83.0,-79.0,-50.0,-75.0,-79.0,-76.0,-63.0,-95.0,-83.0,-83.0,-83.0,-95.0,-82.0,-82.0,-95.0,-95.0,-95.0,-95.0,-95.0,-83.0,-95.0,-95.0,-95.0,-95.0,-95.0,-95.0,-95.0,-95.0,-95.0,-95.0,-95.0,-95.0,-95.0,-83.0,-95.0,-95.0,-82.0,-81.0,-95.0,-83.0,-95.0,-95.0,-95.0,-95.0,-95.0,-95.0,-82.0,-79.0,-80.0,-79.0,-83.0,-83.0,-95.0,-80.0,-95.0,-83.0,-80.0,-80.0,-83.0,-80.0,-83.0,-80.0,-83.0
28,-67.0,-71.0,-78.0,-74.0,-76.0,-75.0,-75.0,-77.0,-77.0,-66.0,-63.0,-67.0,-63.0,-68.0,-61.0,-83.0,-95.0,-79.0,-67.0,-68.0,-73.0,-68.0,-68.0,-95.0,-69.0,-76.0,-63.0,-63.0,-64.0,-75.0,-95.0,-79.0,-95.0,-95.0,-95.0,-75.0,-95.0,-95.0,-83.0,-80.0,-65.0,-83.0,-83.0,-63.0,-75.0,-79.0,-72.0,-63.0,-95.0,-83.0,-83.0,-83.0,-95.0,-82.25,-82.0,-95.0,-95.0,-95.0,-95.0,-95.0,-83.0,-95.0,-95.0,-95.0,-95.0,-95.0,-95.0,-95.0,-95.0,-95.0,-95.0,-95.0,-95.0,-95.0,-83.0,-95.0,-95.0,-83.0,-83.0,-95.0,-83.0,-95.0,-95.0,-95.0,-95.0,-95.0,-95.0,-83.0,-83.0,-80.0,-79.0,-83.0,-83.0,-95.0,-80.0,-95.0,-83.0,-80.0,-80.0,-95.0,-80.0,-83.0,-80.0,-79.0
29,-60.0,-83.0,-80.0,-82.0,-80.0,-75.0,-75.0,-82.0,-82.0,-59.0,-61.0,-60.0,-61.0,-62.0,-61.0,-83.0,-95.0,-79.0,-74.0,-74.0,-73.0,-74.0,-75.0,-95.0,-73.0,-76.0,-61.0,-60.0,-60.0,-75.0,-95.0,-79.0,-79.0,-95.0,-95.0,-74.0,-95.0,-95.0,-83.0,-80.0,-61.0,-83.0,-83.0,-63.0,-74.0,-79.0,-72.0,-61.0,-83.0,-83.0,-83.0,-82.0,-95.0,-83.0,-82.0,-95.0,-95.0,-95.0,-95.0,-95.0,-83.0,-95.0,-95.0,-95.0,-95.0,-95.0,-95.0,-95.0,-95.0,-95.0,-95.0,-95.0,-95.0,-95.0,-83.0,-95.0,-95.0,-83.0,-83.0,-95.0,-83.0,-95.0,-95.0,-95.0,-95.0,-95.0,-95.0,-83.0,-83.0,-80.0,-79.0,-83.0,-83.0,-95.0,-80.0,-95.0,-83.0,-80.0,-80.0,-95.0,-80.0,-83.0,-80.0,-79.0
30,-64.0,-80.0,-81.0,-80.0,-81.0,-80.0,-81.0,-80.0,-82.0,-63.0,-64.0,-64.0,-59.0,-63.0,-58.0,-80.0,-95.0,-79.0,-75.0,-74.0,-74.75,-73.0,-75.0,-95.0,-72.0,-75.0,-58.0,-59.0,-59.0,-73.5,-95.0,-78.52272727272727,-95.0,-95.0,-95.0,-73.5,-95.0,-95.0,-81.0,-80.0,-64.0,-82.48076923076923,-82.27272727272727,-63.0,-73.5,-79.0,-80.0,-59.0,-83.0,-83.0,-82.75,-83.0,-95.0,-83.0,-83.0,-95.0,-95.0,-95.0,-95.0,-95.0,-83.0,-95.0,-95.0,-95.0,-95.0,-95.0,-95.0,-95.0,-95.0,-95.0,-95.0,-95.0,-95.0,-95.0,-95.0,-95.0,-95.0,-83.0,-83.0,-95.0,-80.0,-95.0,-95.0,-95.0,-95.0,-95.0,-95.0,-80.0,-80.0,-80.0,-81.0,-95.0,-95.0,-95.0,-95.0,-83.0,-95.0,-95.0,-95.0,-83.0,-95.0,-95.0,-95.0,-95.0
31,-63.0,-78.0,-75.0,-76.0,-74.0,-74.0,-74.0,-77.0,-74.0,-65.0,-59.0,-64.0,-58.0,-63.0,-58.0,-80.0,-95.0,-79.0,-75.0,-74.0,-73.0,-74.0,-76.0,-95.0,-72.0,-73.0,-58.0,-58.0,-59.0,-74.0,-95.0,-78.52272727272727,-95.0,-95.0,-95.0,-74.0,-95.0,-95.0,-81.0,-80.0,-65.0,-82.48076923076923,-82.27272727272727,-64.0,-74.0,-79.0,-77.0,-59.0,-83.0,-83.0,-83.0,-83.0,-95.0,-83.0,-83.0,-95.0,-95.0,-95.0,-95.0,-95.0,-83.0,-95.0,-95.0,-95.0,-95.0,-95.0,-95.0,-95.0,-95.0,-95.0,-95.0,-95.0,-95.0,-95.0,-95.0,-95.0,-95.0,-83.0,-83.0,-95.0,-80.0,-95.0,-95.0,-95.0,-95.0,-95.0,-95.0,-81.0,-82.0,-80.0,-81.0,-95.0,-95.0,-95.0,-95.0,-83.0,-95.0,-95.0,-95.0,-83.0,-95.0,-95.0,-95.0,-95.0
32,-65.0,-80.0,-80.0,-79.0,-74.0,-74.0,-74.0,-79.0,-74.0,-66.0,-59.0,-66.0,-58.0,-66.0,-59.0,-81.0,-95.0,-79.0,-76.0,-76.0,-75.0,-75.0,-75.0,-95.0,-75.0,-73.0,-58.0,-58.0,-59.0,-74.0,-95.0,-79.0,-95.0,-95.0,-95.0,-74.0,-95.0,-95.0,-82.0,-82.0,-66.0,-82.48076923076923,-81.0,-66.0,-74.0,-79.0,-77.0,-59.0,-83.0,-83.0,-82.0,-83.0,-95.0,-83.0,-83.0,-95.0,-95.0,-95.0,-95.0,-95.0,-83.0,-95.0,-95.0,-95.0,-95.0,-95.0,-95.0,-95.0,-95.0,-95.0,-95.0,-95.0,-95.0,-95.0,-95.0,-95.0,-95.0,-83.0,-83.0,-95.0,-81.0,-95.0,-95.0,-95.0,-95.0,-95.0,-95.0,-80.0,-81.0,-81.0,-81.0,-95.0,-95.0,-95.0,-95.0,-83.0,-95.0,-95.0,-95.0,-83.0,-95.0,-95.0,-95.0,-95.0
33,-63.0,-77.0,-76.0,-74.0,-73.0,-74.0,-73.0,-76.0,-73.0,-65.0,-59.0,-63.0,-58.0,-65.0,-58.0,-81.0,-95.0,-79.0,-73.0,-74.0,-75.0,-72.0,-74.0,-95.0,-71.0,-73.0,-58.0,-58.0,-59.0,-73.0,-95.0,-79.0,-95.0,-95.0,-95.0,-73.0,-95.0,-95.0,-82.0,-82.0,-65.0,-83.0,-82.0,-64.0,-73.0,-79.0,-75.0,-59.0,-83.0,-83.0,-83.0,-83.0,-95.0,-83.0,-83.0,-95.0,-95.0,-95.0,-95.0,-95.0,-83.0,-95.0,-95.0,-95.0,-95.0,-95.0,-95.0,-95.0,-95.0,-95.0,-95.0,-95.0,-95.0,-95.0,-83.0,-95.0,-95.0,-83.0,-83.0,-95.0,-81.0,-95.0,-95.0,-95.0,-95.0,-95.0,-95.0,-82.0,-83.0,-81.0,-81.0,-95.0,-95.0,-95.0,-95.0,-83.0,-95.0,-95.0,-95.0,-83.0,-95.0,-95.0,-95.0,-95.0
34,-65.0,-75.0,-77.0,-75.0,-72.0,-73.0,-73.0,-76.0,-73.0,-65.0,-58.0,-65.0,-58.0,-65.0,-58.0,-80.0,-95.0,-79.0,-74.0,-74.0,-76.0,-74.0,-75.0,-95.0,-72.0,-75.0,-58.0,-58.0,-58.0,-73.0,-95.0,-79.0,-95.0,-95.0,-95.0,-73.0,-95.0,-95.0,-82.0,-82.0,-66.0,-83.0,-81.0,-65.0,-73.0,-79.0,-77.0,-59.0,-83.0,-83.0,-83.0,-83.0,-95.0,-83.0,-83.0,-95.0,-95.0,-95.0,-95.0,-95.0,-83.0,-95.0,-95.0,-95.0,-95.0,-95.0,-95.0,-95.0,-95.0,-95.0,-95.0,-95.0,-95.0,-95.0,-83.0,-95.0,-95.0,-83.0,-83.0,-95.0,-82.0,-95.0,-95.0,-95.0,-95.0,-95.0,-95.0,-82.0,-81.0,-82.0,-81.0,-95.0,-95.0,-95.0,-95.0,-83.0,-95.0,-95.0,-95.0,-83.0,-95.0,-95.0,-95.0,-95.0
35,-58.0,-69.0,-66.0,-68.0,-66.0,-77.0,-70.0,-68.0,-67.0,-56.0,-72.0,-57.0,-60.0,-57.0,-56.0,-82.4090909090909,-83.0,-79.0,-67.0,-67.0,-69.0,-67.0,-66.0,-83.0,-66.0,-69.0,-60.0,-60.0,-61.0,-71.0,-79.0,-79.0,-79.0,-95.0,-79.0,-70.0,-64.0,-95.0,-83.0,-83.0,-57.0,-80.0,-82.27272727272727,-58.0,-70.0,-79.0,-68.0,-63.205128205128204,-81.0,-83.0,-83.0,-83.0,-83.0,-80.0,-82.0,-83.0,-83.0,-83.0,-83.0,-83.0,-83.0,-83.0,-95.0,-83.0,-95.0,-83.0,-82.0,-83.0,-83.0,-83.0,-83.0,-83.0,-83.0,-83.0,-83.0,-83.0,-83.0,-80.0,-80.0,-83.0,-83.0,-83.0,-95.0,-95.0,-95.0,-95.0,-95.0,-95.0,-95.0,-95.0,-95.0,-95.0,-95.0,-83.0,-95.0,-95.0,-95.0,-95.0,-95.0,-95.0,-95.0,-95.0,-95.0,-95.0
36,-59.0,-64.0,-64.0,-64.0,-63.0,-77.0,-71.0,-65.0,-64.0,-58.0,-72.0,-58.0,-63.0,-59.0,-58.0,-82.4090909090909,-83.0,-79.0,-68.0,-68.0,-67.0,-67.0,-68.0,-83.0,-68.0,-67.0,-63.0,-63.0,-63.0,-71.0,-79.0,-79.0,-79.0,-95.0,-79.0,-71.0,-64.0,-95.0,-83.0,-83.0,-58.0,-83.0,-82.27272727272727,-59.0,-71.0,-79.0,-65.0,-63.205128205128204,-81.0,-83.0,-83.0,-83.0,-83.0,-80.0,-82.0,-83.0,-83.0,-83.0,-83.0,-83.0,-83.0,-95.0,-95.0,-83.0,-95.0,-83.0,-82.0,-83.0,-95.0,-83.0,-83.0,-83.0,-95.0,-83.0,-83.0,-83.0,-83.0,-80.0,-80.0,-83.0,-83.0,-83.0,-95.0,-95.0,-95.0,-95.0,-95.0,-95.0,-95.0,-95.0,-95.0,-95.0,-95.0,-83.0,-95.0,-95.0,-95.0,-95.0,-95.0,-95.0,-95.0,-95.0,-95.0,-95.0
37,-60.0,-69.0,-68.0,-69.0,-68.0,-74.0,-74.0,-70.0,-64.0,-60.0,-72.0,-59.0,-67.0,-61.0,-60.0,-83.0,-95.0,-79.0,-67.0,-67.0,-67.0,-67.0,-67.0,-83.0,-67.0,-67.0,-67.0,-67.0,-68.0,-75.0,-79.0,-79.0,-79.0,-95.0,-79.0,-73.0,-95.0,-95.0,-83.0,-83.0,-60.0,-83.0,-83.0,-59.0,-74.0,-79.0,-68.0,-63.205128205128204,-77.0,-77.0,-78.0,-78.0,-83.0,-77.0,-77.0,-83.0,-83.0,-83.0,-95.0,-83.0,-83.0,-95.0,-95.0,-83.0,-95.0,-83.0,-82.0,-83.0,-95.0,-95.0,-83.0,-83.0,-95.0,-83.0,-78.0,-83.0,-95.0,-78.0,-78.0,-95.0,-83.0,-83.0,-95.0,-95.0,-95.0,-95.0,-95.0,-83.0,-95.0,-95.0,-95.0,-95.0,-95.0,-83.0,-95.0,-95.0,-95.0,-95.0,-95.0,-95.0,-95.0,-95.0,-95.0,-95.0
38,-59.0,-63.0,-62.0,-63.0,-62.0,-74.0,-72.0,-64.0,-63.0,-60.0,-61.0,-60.0,-60.0,-60.0,-60.0,-83.0,-95.0,-79.0,-63.0,-63.0,-63.0,-62.0,-63.0,-83.0,-63.0,-67.0,-61.0,-61.0,-61.0,-72.0,-95.0,-79.0,-79.0,-95.0,-79.0,-72.0,-95.0,-95.0,-83.0,-83.0,-60.0,-83.0,-83.0,-61.0,-72.0,-79.0,-68.0,-63.205128205128204,-79.0,-80.0,-80.0,-78.0,-95.0,-80.0,-79.0,-83.0,-83.0,-83.0,-95.0,-95.0,-83.0,-95.0,-95.0,-83.0,-95.0,-83.0,-95.0,-83.0,-95.0,-95.0,-83.0,-95.0,-95.0,-95.0,-79.0,-83.0,-95.0,-78.0,-78.0,-95.0,-83.0,-83.0,-95.0,-95.0,-95.0,-95.0,-95.0,-83.0,-95.0,-83.0,-95.0,-95.0,-95.0,-83.0,-95.0,-95.0,-95.0,-95.0,-95.0,-95.0,-95.0,-95.0,-95.0,-95.0
39,-58.0,-63.0,-69.0,-69.0,-68.0,-74.0,-71.0,-69.0,-70.0,-58.0,-59.0,-58.0,-60.0,-59.0,-58.0,-80.0,-95.0,-79.0,-70.0,-71.0,-67.0,-70.0,-72.0,-83.0,-70.0,-67.0,-60.0,-59.0,-60.0,-71.0,-95.0,-79.0,-79.0,-95.0,-79.0,-70.0,-95.0,-95.0,-83.0,-81.0,-58.0,-83.0,-81.0,-58.0,-71.0,-79.0,-69.0,-60.0,-79.0,-83.0,-83.0,-83.0,-95.0,-82.0,-83.0,-83.0,-83.0,-83.0,-95.0,-95.0,-83.0,-95.0,-95.0,-83.0,-95.0,-83.0,-95.0,-83.0,-95.0,-95.0,-83.0,-95.0,-95.0,-95.0,-79.0,-83.0,-95.0,-83.0,-83.0,-95.0,-80.0,-83.0,-95.0,-95.0,-95.0,-95.0,-95.0,-83.0,-79.0,-79.0,-79.0,-95.0,-95.0,-83.0,-95.0,-95.0,-95.0,-95.0,-83.0,-83.0,-83.0,-83.0,-95.0,-95.0
40,-69.0,-68.0,-68.0,-68.0,-66.0,-66.0,-66.0,-68.0,-66.0,-68.0,-68.0,-71.0,-65.0,-68.0,-65.0,-83.0,-95.0,-79.0,-67.0,-67.0,-69.0,-66.0,-66.0,-83.0,-68.0,-67.0,-65.0,-64.0,-65.0,-66.0,-95.0,-79.0,-95.0,-95.0,-95.0,-66.0,-68.0,-95.0,-82.67441860465117,-82.42857142857143,-69.0,-83.0,-83.0,-64.0,-66.0,-79.0,-68.0,-63.205128205128204,-95.0,-83.0,-83.0,-83.0,-95.0,-83.0,-95.0,-95.0,-95.0,-95.0,-95.0,-95.0,-83.0,-95.0,-95.0,-95.0,-95.0,-95.0,-95.0,-95.0,-95.0,-95.0,-95.0,-95.0,-95.0,-95.0,-95.0,-95.0,-95.0,-83.0,-83.0,-95.0,-83.0,-95.0,-95.0,-95.0,-95.0,-95.0,-95.0,-95.0,-83.0,-83.0,-83.0,-95.0,-95.0,-95.0,-95.0,-95.0,-95.0,-95.0,-95.0,-95.0,-95.0,-95.0,-95.0,-95.0
41,-69.0,-66.0,-66.0,-66.0,-64.0,-66.0,-64.0,-67.0,-64.0,-69.0,-67.0,-68.0,-66.0,-69.0,-67.0,-83.0,-95.0,-79.0,-67.0,-68.0,-68.0,-68.0,-68.0,-83.0,-69.0,-67.0,-66.0,-66.0,-68.0,-64.0,-95.0,-79.0,-95.0,-95.0,-95.0,-63.0,-68.0,-95.0,-82.67441860465117,-82.42857142857143,-69.0,-83.0,-83.0,-68.0,-64.0,-79.0,-66.0,-63.205128205128204,-95.0,-83.0,-83.0,-83.0,-95.0,-83.0,-95.0,-95.0,-95.0,-95.0,-95.0,-95.0,-83.0,-95.0,-95.0,-95.0,-95.0,-95.0,-95.0,-95.0,-95.0,-95.0,-95.0,-95.0,-95.0,-95.0,-95.0,-95.0,-95.0,-83.0,-83.0,-95.0,-83.0,-95.0,-95.0,-95.0,-95.0,-95.0,-95.0,-95.0,-83.0,-83.0,-83.0,-95.0,-95.0,-95.0,-95.0,-95.0,-95.0,-95.0,-95.0,-95.0,-95.0,-95.0,-95.0,-95.0
42,-72.0,-66.0,-66.0,-66.0,-65.0,-66.0,-65.0,-66.0,-65.0,-71.0,-66.0,-71.0,-67.0,-71.0,-67.0,-83.0,-95.0,-79.0,-69.0,-69.0,-68.0,-69.0,-68.0,-95.0,-70.0,-67.0,-67.0,-67.0,-67.0,-65.0,-95.0,-79.0,-95.0,-95.0,-95.0,-64.0,-69.0,-95.0,-82.67441860465117,-82.42857142857143,-72.0,-83.0,-83.0,-72.0,-64.0,-79.0,-66.0,-67.0,-83.0,-83.0,-83.0,-83.0,-95.0,-83.0,-95.0,-95.0,-95.0,-95.0,-95.0,-95.0,-83.0,-95.0,-95.0,-95.0,-95.0,-95.0,-95.0,-95.0,-95.0,-95.0,-95.0,-95.0,-95.0,-95.0,-95.0,-95.0,-95.0,-83.0,-83.0,-95.0,-83.0,-95.0,-95.0,-95.0,-95.0,-95.0,-95.0,-95.0,-83.0,-83.0,-83.0,-95.0,-95.0,-95.0,-95.0,-95.0,-95.0,-95.0,-95.0,-95.0,-95.0,-95.0,-95.0,-95.0
43,-73.0,-67.0,-68.0,-67.0,-63.0,-66.0,-63.0,-67.0,-64.0,-73.0,-66.0,-73.0,-65.0,-73.0,-65.0,-83.0,-95.0,-79.0,-68.0,-69.0,-68.0,-69.0,-68.0,-95.0,-70.0,-67.0,-65.0,-65.0,-66.0,-64.0,-95.0,-79.0,-95.0,-95.0,-95.0,-63.0,-68.0,-95.0,-82.67441860465117,-82.42857142857143,-74.0,-83.0,-83.0,-74.0,-63.0,-79.0,-67.0,-67.0,-83.0,-83.0,-83.0,-83.0,-95.0,-83.0,-83.0,-95.0,-95.0,-95.0,-95.0,-95.0,-83.0,-95.0,-95.0,-95.0,-95.0,-95.0,-95.0,-95.0,-95.0,-95.0,-95.0,-95.0,-95.0,-95.0,-95.0,-95.0,-95.0,-83.0,-83.0,-95.0,-83.0,-95.0,-95.0,-95.0,-95.0,-95.0,-95.0,-95.0,-83.0,-83.0,-83.0,-95.0,-95.0,-95.0,-95.0,-95.0,-95.0,-95.0,-95.0,-95.0,-95.0,-95.0,-95.0,-95.0
44,-75.0,-67.0,-67.0,-67.0,-64.0,-66.0,-64.0,-67.0,-64.0,-74.0,-66.0,-75.0,-66.0,-74.0,-65.0,-83.0,-95.0,-79.0,-68.0,-68.0,-68.0,-68.0,-67.0,-95.0,-69.0,-67.0,-66.0,-66.0,-66.0,-64.0,-95.0,-79.0,-95.0,-95.0,-95.0,-64.0,-68.0,-95.0,-82.67441860465117,-82.42857142857143,-74.0,-83.0,-83.0,-74.0,-64.0,-79.0,-67.0,-66.0,-83.0,-83.0,-83.0,-83.0,-95.0,-83.0,-83.0,-95.0,-95.0,-95.0,-95.0,-95.0,-83.0,-95.0,-95.0,-95.0,-95.0,-95.0,-95.0,-95.0,-95.0,-95.0,-95.0,-95.0,-95.0,-95.0,-95.0,-95.0,-95.0,-83.0,-83.0,-95.0,-83.0,-95.0,-95.0,-95.0,-95.0,-95.0,-95.0,-95.0,-83.0,-83.0,-83.0,-95.0,-95.0,-95.0,-95.0,-95.0,-95.0,-95.0,-95.0,-95.0,-95.0,-95.0,-95.0,-95.0
45,-66.0,-62.0,-62.0,-62.0,-63.0,-64.0,-64.0,-63.0,-64.0,-65.0,-69.0,-64.0,-70.0,-65.0,-71.0,-82.0,-95.0,-79.0,-74.0,-65.0,-64.0,-64.0,-64.0,-95.0,-74.0,-64.0,-70.0,-70.0,-70.0,-64.0,-74.0,-74.0,-74.0,-95.0,-95.0,-64.0,-75.0,-75.0,-82.0,-82.0,-64.0,-83.0,-82.0,-65.0,-64.0,-79.0,-63.0,-69.0,-95.0,-95.0,-82.44375,-82.325,-95.0,-95.0,-95.0,-95.0,-95.0,-95.0,-95.0,-95.0,-95.0,-95.0,-95.0,-95.0,-95.0,-83.0,-95.0,-95.0,-95.0,-95.0,-95.0,-95.0,-95.0,-95.0,-95.0,-95.0,-95.0,-95.0,-95.0,-95.0,-82.0,-95.0,-83.0,-83.0,-95.0,-83.0,-83.0,-81.0,-83.0,-83.0,-83.0,-95.0,-95.0,-95.0,-95.0,-95.0,-95.0,-95.0,-95.0,-95.0,-95.0,-95.0,-95.0,-95.0
46,-77.0,-62.0,-62.0,-62.0,-63.0,-64.0,-64.0,-62.0,-63.0,-77.0,-69.0,-76.0,-69.0,-76.0,-68.0,-83.0,-95.0,-79.0,-75.0,-64.0,-63.0,-64.0,-63.0,-95.0,-75.0,-63.0,-69.0,-68.0,-68.0,-64.0,-76.0,-75.0,-75.0,-95.0,-95.0,-63.0,-75.0,-75.0,-83.0,-83.0,-78.0,-82.0,-83.0,-77.0,-63.0,-79.0,-61.0,-69.0,-95.0,-95.0,-82.44375,-82.325,-95.0,-95.0,-95.0,-95.0,-95.0,-95.0,-95.0,-95.0,-95.0,-95.0,-95.0,-95.0,-95.0,-83.0,-95.0,-95.0,-95.0,-95.0,-95.0,-95.0,-95.0,-95.0,-95.0,-95.0,-95.0,-95.0,-95.0,-95.0,-83.0,-95.0,-83.0,-83.0,-95.0,-83.0,-83.0,-81.0,-83.0,-83.0,-83.0,-95.0,-95.0,-95.0,-95.0,-95.0,-95.0,-95.0,-95.0,-95.0,-95.0,-95.0,-95.0,-95.0
47,-72.0,-62.0,-64.0,-62.0,-63.0,-64.0,-64.0,-63.0,-64.0,-71.0,-69.0,-71.0,-70.0,-71.0,-70.0,-83.0,-95.0,-77.0,-75.0,-63.0,-62.0,-63.0,-62.0,-95.0,-75.0,-62.0,-70.0,-70.0,-70.0,-65.0,-76.0,-75.0,-75.0,-95.0,-95.0,-65.0,-76.0,-76.0,-83.0,-83.0,-71.0,-83.0,-83.0,-77.0,-65.0,-79.0,-63.0,-69.0,-95.0,-95.0,-82.44375,-82.325,-95.0,-95.0,-95.0,-95.0,-95.0,-95.0,-95.0,-95.0,-95.0,-95.0,-83.0,-95.0,-95.0,-83.0,-95.0,-95.0,-95.0,-95.0,-95.0,-95.0,-95.0,-95.0,-95.0,-95.0,-95.0,-95.0,-95.0,-95.0,-83.0,-95.0,-83.0,-83.0,-95.0,-83.0,-83.0,-83.0,-83.0,-83.0,-83.0,-83.0,-95.0,-95.0,-95.0,-95.0,-83.0,-83.0,-83.0,-95.0,-95.0,-95.0,-83.0,-83.0
48,-67.0,-61.0,-61.0,-60.0,-62.0,-64.0,-64.0,-61.0,-64.0,-67.0,-69.0,-66.0,-69.0,-67.0,-68.0,-83.0,-95.0,-75.0,-74.0,-64.0,-62.0,-63.0,-63.0,-95.0,-74.0,-62.0,-69.0,-68.0,-70.0,-65.0,-74.0,-75.0,-74.0,-95.0,-95.0,-65.0,-75.0,-75.0,-83.0,-83.0,-66.0,-83.0,-83.0,-66.0,-65.0,-79.0,-61.0,-69.0,-95.0,-95.0,-82.44375,-82.325,-95.0,-95.0,-95.0,-95.0,-95.0,-95.0,-95.0,-95.0,-95.0,-95.0,-83.0,-95.0,-95.0,-95.0,-95.0,-95.0,-95.0,-95.0,-95.0,-95.0,-95.0,-95.0,-95.0,-95.0,-95.0,-95.0,-95.0,-95.0,-83.0,-95.0,-83.0,-83.0,-95.0,-95.0,-95.0,-83.0,-83.0,-83.0,-83.0,-83.0,-95.0,-95.0,-95.0,-95.0,-83.0,-83.0,-83.0,-95.0,-95.0,-95.0,-83.0,-83.0
49,-67.0,-61.0,-63.0,-63.0,-65.0,-64.0,-65.0,-63.0,-66.0,-66.0,-66.0,-66.0,-65.0,-67.0,-65.0,-83.0,-95.0,-75.0,-74.0,-63.0,-62.0,-63.0,-63.0,-95.0,-76.0,-63.0,-65.0,-65.0,-66.0,-66.0,-74.0,-75.0,-76.0,-66.0,-95.0,-65.0,-76.0,-77.0,-83.0,-83.0,-66.0,-83.0,-83.0,-66.0,-65.0,-79.0,-63.0,-66.0,-95.0,-95.0,-82.44375,-82.325,-95.0,-95.0,-95.0,-95.0,-95.0,-95.0,-95.0,-95.0,-95.0,-95.0,-83.0,-95.0,-95.0,-95.0,-95.0,-95.0,-95.0,-95.0,-95.0,-95.0,-95.0,-95.0,-95.0,-95.0,-95.0,-95.0,-95.0,-95.0,-83.0,-95.0,-83.0,-83.0,-95.0,-95.0,-95.0,-83.0,-83.0,-83.0,-83.0,-83.0,-83.0,-95.0,-95.0,-95.0,-83.0,-83.0,-83.0,-95.0,-95.0,-95.0,-83.0,-83.0
50,-56.0,-72.0,-72.0,-73.0,-79.0,-74.0,-79.0,-74.0,-79.0,-56.0,-63.0,-55.0,-65.0,-56.0,-65.0,-83.0,-95.0,-79.0,-81.0,-81.0,-80.0,-80.0,-82.0,-95.0,-81.0,-79.0,-65.0,-65.0,-65.0,-79.0,-95.0,-78.52272727272727,-95.0,-95.0,-95.0,-79.0,-95.0,-95.0,-83.0,-83.0,-55.0,-83.0,-83.0,-54.0,-79.0,-79.0,-73.0,-64.0,-83.0,-82.0,-81.0,-81.0,-95.0,-83.0,-83.0,-95.0,-95.0,-95.0,-95.0,-95.0,-95.0,-95.0,-95.0,-95.0,-95.0,-95.0,-95.0,-95.0,-95.0,-95.0,-95.0,-95.0,-95.0,-95.0,-83.0,-95.0,-95.0,-83.0,-83.0,-95.0,-83.0,-95.0,-95.0,-95.0,-95.0,-95.0,-95.0,-83.0,-83.0,-83.0,-83.0,-95.0,-95.0,-95.0,-95.0,-83.0,-95.0,-95.0,-95.0,-95.0,-95.0,-95.0,-95.0,-95.0
51,-65.0,-72.0,-73.0,-73.0,-79.0,-74.0,-79.0,-74.0,-79.0,-66.0,-63.0,-64.0,-63.0,-66.0,-65.0,-83.0,-95.0,-79.0,-75.0,-75.0,-76.0,-75.0,-75.0,-95.0,-74.0,-76.0,-63.0,-63.0,-64.0,-79.0,-95.0,-78.52272727272727,-95.0,-95.0,-95.0,-79.0,-95.0,-95.0,-83.0,-83.0,-66.0,-83.0,-83.0,-67.0,-79.0,-79.0,-73.0,-64.0,-83.0,-82.0,-82.0,-83.0,-95.0,-82.0,-81.0,-95.0,-95.0,-95.0,-95.0,-95.0,-95.0,-95.0,-95.0,-95.0,-95.0,-95.0,-95.0,-95.0,-95.0,-95.0,-95.0,-95.0,-95.0,-95.0,-82.0,-95.0,-95.0,-82.0,-81.0,-95.0,-83.0,-95.0,-95.0,-95.0,-95.0,-95.0,-95.0,-83.0,-83.0,-83.0,-83.0,-95.0,-95.0,-95.0,-95.0,-83.0,-95.0,-95.0,-95.0,-95.0,-95.0,-95.0,-95.0,-95.0
52,-60.0,-73.0,-72.0,-72.0,-79.0,-74.0,-79.0,-74.0,-79.0,-59.0,-63.0,-59.0,-64.0,-61.0,-60.0,-83.0,-95.0,-79.0,-75.0,-75.0,-76.0,-75.0,-75.0,-95.0,-74.0,-76.0,-63.0,-63.0,-64.0,-79.0,-95.0,-78.52272727272727,-95.0,-95.0,-95.0,-79.0,-74.0,-95.0,-83.0,-83.0,-60.0,-83.0,-83.0,-60.0,-79.0,-79.0,-73.0,-63.205128205128204,-81.0,-82.0,-82.0,-81.0,-95.0,-82.0,-81.0,-95.0,-95.0,-95.0,-95.0,-95.0,-95.0,-95.0,-95.0,-95.0,-95.0,-95.0,-95.0,-95.0,-95.0,-95.0,-95.0,-95.0,-95.0,-95.0,-81.0,-95.0,-95.0,-82.0,-82.0,-95.0,-83.0,-95.0,-95.0,-95.0,-95.0,-95.0,-95.0,-83.0,-83.0,-83.0,-83.0,-95.0,-95.0,-95.0,-95.0,-83.0,-95.0,-95.0,-95.0,-95.0,-95.0,-95.0,-95.0,-95.0
53,-56.0,-72.0,-73.0,-73.0,-79.0,-73.0,-79.0,-74.0,-79.0,-55.0,-63.0,-55.0,-63.0,-56.0,-55.0,-83.0,-95.0,-79.0,-81.0,-75.0,-82.0,-81.0,-82.0,-95.0,-80.0,-76.0,-63.0,-63.0,-63.0,-79.0,-95.0,-78.52272727272727,-95.0,-95.0,-95.0,-79.0,-81.0,-95.0,-83.0,-83.0,-55.0,-83.0,-83.0,-55.0,-79.0,-79.0,-73.0,-63.205128205128204,-81.0,-82.0,-82.0,-83.0,-95.0,-83.0,-81.0,-95.0,-95.0,-95.0,-95.0,-95.0,-95.0,-95.0,-95.0,-95.0,-95.0,-95.0,-95.0,-95.0,-95.0,-95.0,-95.0,-95.0,-95.0,-95.0,-81.0,-95.0,-95.0,-83.0,-82.0,-95.0,-83.0,-95.0,-95.0,-95.0,-95.0,-95.0,-95.0,-82.0,-83.0,-83.0,-83.0,-95.0,-95.0,-95.0,-95.0,-95.0,-95.0,-95.0,-95.0,-95.0,-95.0,-95.0,-95.0,-95.0
54,-55.0,-71.0,-70.0,-70.0,-78.0,-71.0,-79.0,-72.0,-79.0,-55.0,-63.0,-55.0,-63.0,-56.0,-55.0,-83.0,-95.0,-79.0,-81.0,-75.0,-82.0,-83.0,-82.0,-81.0,-80.0,-83.0,-63.0,-63.0,-64.0,-79.0,-95.0,-79.0,-95.0,-95.0,-95.0,-79.0,-81.0,-95.0,-83.0,-83.0,-55.0,-83.0,-82.0,-55.0,-79.0,-79.0,-71.0,-63.205128205128204,-81.0,-83.0,-83.0,-83.0,-95.0,-83.0,-81.0,-95.0,-95.0,-95.0,-95.0,-95.0,-95.0,-95.0,-95.0,-95.0,-95.0,-95.0,-95.0,-95.0,-95.0,-95.0,-95.0,-95.0,-95.0,-95.0,-83.0,-95.0,-95.0,-83.0,-82.0,-95.0,-83.0,-95.0,-95.0,-95.0,-95.0,-95.0,-95.0,-82.0,-83.0,-83.0,-82.0,-95.0,-95.0,-95.0,-95.0,-95.0,-95.0,-95.0,-95.0,-95.0,-95.0,-95.0,-95.0,-95.0
